{
  "code": "reports",
  "icon": null,
  "title": "Reports",
  "pageId": "reports",
  "pageName": "Reports",
  "steps": [
    {
      "icon": null,
      "name": "Reports",
      "title": "Reports",
      "stepId": "report",
      "subTitle": "Reports",
      "sortOrder": 10,
      "fields": [
        {
          "id": "794",
          "formKey": "startDateDaysDifference",
          "type": "input",
          "editable": false,
          "disableExpression": "",
          "visible": false,
          "prefetch": true,
          "defaultValue": "0",
          "icon": "",
          "style": "input",
          "bindExpression": "",
          "showExpression": "",
          "clientValidations": [],
          "actions": [],
          "deepLink": null,
          "sortOrder": 5,
          "customStyle": {
            "textSize": "12",
            "alignment": null,
            "hintColor": "#666666",
            "textColor": "#666666",
            "errorColor": null,
            "keypadType": null,
            "colorAccent": "#FFFFFF",
            "iconAlignment": "left",
            "stickToParent": null,
            "titleTextSize": "12",
            "titleTextColor": "#1F3870",
            "backgroundColor": "#ffffff",
            "selectionDrawable": null
          },
          "minLength": null,
          "maxLength": null,
          "optionsUrl": "",
          "keyPadType": "",
          "filterExpression": "",
          "labelCode": "",
          "contentDescCode": "",
          "hintCode": ""
        },
        {
          "id": "7",
          "formKey": "totalCount",
          "type": "chart",
          "editable": false,
          "disableExpression": null,
          "visible": true,
          "prefetch": true,
          "defaultValue": null,
          "icon": null,
          "style": null,
          "bindExpression": null,
          "showExpression": null,
          "clientValidations": [],
          "actions": [],
          "deepLink": null,
          "sortOrder": 10,
          "customStyle": {
            "backgroundColor": "#01C99C"
          },
          "minLength": 0,
          "maxLength": null,
          "optionsUrl": null,
          "keyPadType": null,
          "filterExpression": null,
          "labelCode": "total_count",
          "contentDescCode": "chart_values",
          "hintCode": null
        },
        {
          "id": "359",
          "formKey": "startDate",
          "type": "input",
          "editable": false,
          "disableExpression": "",
          "visible": false,
          "prefetch": true,
          "defaultValue": "",
          "icon": null,
          "style": "input",
          "bindExpression": "dd-MM-yyyy",
          "showExpression": "",
          "clientValidations": [],
          "actions": [],
          "deepLink": null,
          "sortOrder": 30,
          "customStyle": {
            "textSize": "12",
            "alignment": null,
            "hintColor": "#666666",
            "textColor": "#666666",
            "errorColor": null,
            "keypadType": "",
            "colorAccent": "#FFFFFF",
            "iconAlignment": "left",
            "stickToParent": null,
            "titleTextSize": "12",
            "titleTextColor": "#1F3870",
            "backgroundColor": "#ffffff",
            "selectionDrawable": null
          },
          "minLength": 0,
          "maxLength": null,
          "optionsUrl": null,
          "keyPadType": null,
          "filterExpression": null,
          "labelCode": "startDate",
          "contentDescCode": "",
          "hintCode": ""
        },
        {
          "id": "9",
          "formKey": "simActivatedCount",
          "type": "chart",
          "editable": false,
          "disableExpression": null,
          "visible": true,
          "prefetch": true,
          "defaultValue": null,
          "icon": null,
          "style": null,
          "bindExpression": null,
          "showExpression": null,
          "clientValidations": [],
          "actions": [],
          "deepLink": null,
          "sortOrder": 30,
          "customStyle": {
            "backgroundColor": "#D93C42"
          },
          "minLength": 0,
          "maxLength": null,
          "optionsUrl": null,
          "keyPadType": null,
          "filterExpression": null,
          "labelCode": "sim_activated_count",
          "contentDescCode": "chart_values",
          "hintCode": null
        },
        {
          "id": "360",
          "formKey": "endDate",
          "type": "input",
          "editable": false,
          "disableExpression": "",
          "visible": false,
          "prefetch": true,
          "defaultValue": "",
          "icon": null,
          "style": "input",
          "bindExpression": "dd-MM-yyyy",
          "showExpression": "",
          "clientValidations": [],
          "actions": [],
          "deepLink": null,
          "sortOrder": 30,
          "customStyle": {
            "textSize": "12",
            "alignment": null,
            "hintColor": "#666666",
            "textColor": "#666666",
            "errorColor": null,
            "keypadType": "",
            "colorAccent": "#FFFFFF",
            "iconAlignment": "left",
            "stickToParent": null,
            "titleTextSize": "12",
            "titleTextColor": "#1F3870",
            "backgroundColor": "#ffffff",
            "selectionDrawable": null
          },
          "minLength": 0,
          "maxLength": null,
          "optionsUrl": null,
          "keyPadType": null,
          "filterExpression": null,
          "labelCode": "endDate",
          "contentDescCode": "",
          "hintCode": ""
        },
        {
          "id": "10",
          "formKey": "barredCount",
          "type": "chart",
          "editable": false,
          "disableExpression": null,
          "visible": true,
          "prefetch": true,
          "defaultValue": null,
          "icon": null,
          "style": null,
          "bindExpression": null,
          "showExpression": null,
          "clientValidations": [],
          "actions": [],
          "deepLink": null,
          "sortOrder": 40,
          "customStyle": {
            "backgroundColor": "#1F3870"
          },
          "minLength": 0,
          "maxLength": null,
          "optionsUrl": null,
          "keyPadType": null,
          "filterExpression": null,
          "labelCode": "barred_count",
          "contentDescCode": "chart_values",
          "hintCode": null
        },
        {
          "id": "11",
          "formKey": "registrationRejectedCount",
          "type": "chart",
          "editable": false,
          "disableExpression": null,
          "visible": true,
          "prefetch": true,
          "defaultValue": null,
          "icon": null,
          "style": null,
          "bindExpression": null,
          "showExpression": null,
          "clientValidations": [],
          "actions": [],
          "deepLink": null,
          "sortOrder": 50,
          "customStyle": {
            "backgroundColor": "#1ba3ec"
          },
          "minLength": 0,
          "maxLength": null,
          "optionsUrl": null,
          "keyPadType": null,
          "filterExpression": null,
          "labelCode": "registration_rejected",
          "contentDescCode": "chart_values",
          "hintCode": null
        },
        {
          "id": "8",
          "formKey": "invalidSimSerialMisMatch",
          "type": "chart",
          "editable": false,
          "disableExpression": null,
          "visible": true,
          "prefetch": true,
          "defaultValue": null,
          "icon": null,
          "style": null,
          "bindExpression": null,
          "showExpression": null,
          "clientValidations": [],
          "actions": [],
          "deepLink": null,
          "sortOrder": 60,
          "customStyle": {
            "backgroundColor": "#F1756F"
          },
          "minLength": 0,
          "maxLength": null,
          "optionsUrl": null,
          "keyPadType": null,
          "filterExpression": null,
          "labelCode": "invalid_sim_serial_msisdn_mismatch",
          "contentDescCode": "chart_values",
          "hintCode": null
        },
        {
          "id": "12",
          "formKey": "failedNIMSValidationCount",
          "type": "chart",
          "editable": false,
          "disableExpression": null,
          "visible": true,
          "prefetch": true,
          "defaultValue": null,
          "icon": null,
          "style": null,
          "bindExpression": null,
          "showExpression": null,
          "clientValidations": [],
          "actions": [],
          "deepLink": null,
          "sortOrder": 70,
          "customStyle": {
            "backgroundColor": "#666666"
          },
          "minLength": 0,
          "maxLength": null,
          "optionsUrl": null,
          "keyPadType": null,
          "filterExpression": null,
          "labelCode": "failed_nims_validation_count",
          "contentDescCode": "chart_values",
          "hintCode": null
        },
        {
          "id": "14",
          "formKey": "underProcessCount",
          "type": "chart",
          "editable": false,
          "disableExpression": null,
          "visible": true,
          "prefetch": true,
          "defaultValue": null,
          "icon": null,
          "style": null,
          "bindExpression": null,
          "showExpression": null,
          "clientValidations": [],
          "actions": [],
          "deepLink": null,
          "sortOrder": 80,
          "customStyle": {
            "backgroundColor": "#f1e46f"
          },
          "minLength": 0,
          "maxLength": null,
          "optionsUrl": null,
          "keyPadType": null,
          "filterExpression": null,
          "labelCode": "under_process",
          "contentDescCode": "chart_values",
          "hintCode": null
        },
        {
          "id": "16",
          "formKey": "mnpRegistrationFailedCount",
          "type": "chart",
          "editable": false,
          "disableExpression": null,
          "visible": true,
          "prefetch": true,
          "defaultValue": null,
          "icon": null,
          "style": null,
          "bindExpression": null,
          "showExpression": null,
          "clientValidations": [],
          "actions": [],
          "deepLink": null,
          "sortOrder": 90,
          "customStyle": {
            "backgroundColor": "#d36ff1"
          },
          "minLength": 0,
          "maxLength": null,
          "optionsUrl": null,
          "keyPadType": null,
          "filterExpression": null,
          "labelCode": "mnp_registration_failed_count",
          "contentDescCode": "chart_values",
          "hintCode": null
        },
        {
          "id": "13",
          "formKey": "incompleteRegistrationCount",
          "type": "chart",
          "editable": false,
          "disableExpression": null,
          "visible": true,
          "prefetch": true,
          "defaultValue": null,
          "icon": null,
          "style": null,
          "bindExpression": null,
          "showExpression": null,
          "clientValidations": [],
          "actions": [],
          "deepLink": null,
          "sortOrder": 100,
          "customStyle": {
            "backgroundColor": "#6ff1ed"
          },
          "minLength": 0,
          "maxLength": null,
          "optionsUrl": null,
          "keyPadType": null,
          "filterExpression": null,
          "labelCode": "incomplete_registration",
          "contentDescCode": "chart_values",
          "hintCode": null
        },
        {
          "id": "15",
          "formKey": "totalSimRegisteredCount",
          "type": "chart",
          "editable": false,
          "disableExpression": null,
          "visible": true,
          "prefetch": true,
          "defaultValue": null,
          "icon": null,
          "style": null,
          "bindExpression": null,
          "showExpression": null,
          "clientValidations": [],
          "actions": [],
          "deepLink": null,
          "sortOrder": 110,
          "customStyle": {
            "backgroundColor": "#3cd963"
          },
          "minLength": 0,
          "maxLength": null,
          "optionsUrl": null,
          "keyPadType": null,
          "filterExpression": null,
          "labelCode": "total_sim_registered",
          "contentDescCode": "chart_values",
          "hintCode": null
        }
      ],
      "actions": null
    }
  ]
}