{
  "code": "simswapreports",
  "icon": null,
  "title": "Reports",
  "pageId": "simswapreports",
  "pageName": "Reports",
  "steps": [
    {
      "icon": null,
      "name": "Reports",
      "title": "Reports",
      "stepId": "simswapreport",
      "subTitle": "Reports",
      "sortOrder": 10,
      "fields": [
        {
          "id": "1",
          "formKey": "startDateDaysDifference",
          "type": "input",
          "editable": false,
          "disableExpression": "",
          "visible": false,
          "prefetch": true,
          "defaultValue": "0",
          "icon": "",
          "style": "input",
          "bindExpression": "",
          "showExpression": "",
          "clientValidations": [],
          "actions": [],
          "deepLink": null,
          "sortOrder": 5,
          "customStyle": {
            "textSize": "12",
            "alignment": null,
            "hintColor": "#666666",
            "textColor": "#666666",
            "errorColor": null,
            "keypadType": null,
            "colorAccent": "#FFFFFF",
            "iconAlignment": "left",
            "stickToParent": null,
            "titleTextSize": "12",
            "titleTextColor": "#1F3870",
            "backgroundColor": "#ffffff",
            "selectionDrawable": null
          },
          "minLength": null,
          "maxLength": null,
          "optionsUrl": "",
          "keyPadType": "",
          "filterExpression": "",
          "labelCode": "",
          "contentDescCode": "",
          "hintCode": ""
        },
        {
          "id": "2",
          "formKey": "totalCount",
          "type": "chart",
          "editable": false,
          "disableExpression": null,
          "visible": true,
          "prefetch": true,
          "defaultValue": null,
          "icon": null,
          "style": null,
          "bindExpression": null,
          "showExpression": null,
          "clientValidations": [],
          "actions": [],
          "deepLink": null,
          "sortOrder": 10,
          "customStyle": {
            "backgroundColor": "#01C99C"
          },
          "minLength": 0,
          "maxLength": null,
          "optionsUrl": null,
          "keyPadType": null,
          "filterExpression": null,
          "labelCode": "total_count",
          "contentDescCode": "chart_values",
          "hintCode": null
        },
        {
          "id": "3",
          "formKey": "startDate",
          "type": "input",
          "editable": false,
          "disableExpression": "",
          "visible": false,
          "prefetch": true,
          "defaultValue": "",
          "icon": null,
          "style": "input",
          "bindExpression": "dd-MM-yyyy",
          "showExpression": "",
          "clientValidations": [],
          "actions": [],
          "deepLink": null,
          "sortOrder": 15,
          "customStyle": {
            "textSize": "12",
            "alignment": null,
            "hintColor": "#666666",
            "textColor": "#666666",
            "errorColor": null,
            "keypadType": "",
            "colorAccent": "#FFFFFF",
            "iconAlignment": "left",
            "stickToParent": null,
            "titleTextSize": "12",
            "titleTextColor": "#1F3870",
            "backgroundColor": "#ffffff",
            "selectionDrawable": null
          },
          "minLength": 0,
          "maxLength": null,
          "optionsUrl": null,
          "keyPadType": null,
          "filterExpression": null,
          "labelCode": "startDate",
          "contentDescCode": "",
          "hintCode": ""
        },
        {
          "id": "4",
          "formKey": "endDate",
          "type": "input",
          "editable": false,
          "disableExpression": "",
          "visible": false,
          "prefetch": true,
          "defaultValue": "",
          "icon": null,
          "style": "input",
          "bindExpression": "dd-MM-yyyy",
          "showExpression": "",
          "clientValidations": [],
          "actions": [],
          "deepLink": null,
          "sortOrder": 20,
          "customStyle": {
            "textSize": "12",
            "alignment": null,
            "hintColor": "#666666",
            "textColor": "#666666",
            "errorColor": null,
            "keypadType": "",
            "colorAccent": "#FFFFFF",
            "iconAlignment": "left",
            "stickToParent": null,
            "titleTextSize": "12",
            "titleTextColor": "#1F3870",
            "backgroundColor": "#ffffff",
            "selectionDrawable": null
          },
          "minLength": 0,
          "maxLength": null,
          "optionsUrl": null,
          "keyPadType": null,
          "filterExpression": null,
          "labelCode": "endDate",
          "contentDescCode": "",
          "hintCode": ""
        },
        {
          "id": "5",
          "formKey": "simswapTotalStatuscount",
          "type": "chart",
          "editable": false,
          "disableExpression": null,
          "visible": true,
          "prefetch": true,
          "defaultValue": null,
          "icon": null,
          "style": null,
          "bindExpression": null,
          "showExpression": null,
          "clientValidations": [],
          "actions": [],
          "deepLink": null,
          "sortOrder": 25,
          "customStyle": {
            "backgroundColor": "#D93C42"
          },
          "minLength": 0,
          "maxLength": null,
          "optionsUrl": null,
          "keyPadType": null,
          "filterExpression": null,
          "labelCode": "sim_swap_total_status_count",
          "contentDescCode": "chart_values",
          "hintCode": null
        },
        {
          "id": "6",
          "formKey": "pending",
          "type": "chart",
          "editable": false,
          "disableExpression": null,
          "visible": true,
          "prefetch": true,
          "defaultValue": null,
          "icon": null,
          "style": null,
          "bindExpression": null,
          "showExpression": null,
          "clientValidations": [],
          "actions": [],
          "deepLink": null,
          "sortOrder": 30,
          "customStyle": {
            "backgroundColor": "#d36ff1"
          },
          "minLength": 0,
          "maxLength": null,
          "optionsUrl": null,
          "keyPadType": null,
          "filterExpression": null,
          "labelCode": "pending",
          "contentDescCode": "chart_values",
          "hintCode": null
        },
        {
          "id": "7",
          "formKey": "approved",
          "type": "chart",
          "editable": false,
          "disableExpression": null,
          "visible": true,
          "prefetch": true,
          "defaultValue": null,
          "icon": null,
          "style": null,
          "bindExpression": null,
          "showExpression": null,
          "clientValidations": [],
          "actions": [],
          "deepLink": null,
          "sortOrder": 35,
          "customStyle": {
            "backgroundColor": "#1ba3ec"
          },
          "minLength": 0,
          "maxLength": null,
          "optionsUrl": null,
          "keyPadType": null,
          "filterExpression": null,
          "labelCode": "approved",
          "contentDescCode": "chart_values",
          "hintCode": null
        },
        {
          "id": "8",
          "formKey": "rejected",
          "type": "chart",
          "editable": false,
          "disableExpression": null,
          "visible": true,
          "prefetch": true,
          "defaultValue": null,
          "icon": null,
          "style": null,
          "bindExpression": null,
          "showExpression": null,
          "clientValidations": [],
          "actions": [],
          "deepLink": null,
          "sortOrder": 40,
          "customStyle": {
            "backgroundColor": "#f1e46f"
          },
          "minLength": 0,
          "maxLength": null,
          "optionsUrl": null,
          "keyPadType": null,
          "filterExpression": null,
          "labelCode": "rejected",
          "contentDescCode": "chart_values",
          "hintCode": null
        },
        {
          "id": "9",
          "formKey": "self",
          "type": "chart",
          "editable": false,
          "disableExpression": null,
          "visible": true,
          "prefetch": true,
          "defaultValue": null,
          "icon": null,
          "style": null,
          "bindExpression": null,
          "showExpression": null,
          "clientValidations": [],
          "actions": [],
          "deepLink": null,
          "sortOrder": 45,
          "customStyle": {
            "backgroundColor": "#666666"
          },
          "minLength": 0,
          "maxLength": null,
          "optionsUrl": null,
          "keyPadType": null,
          "filterExpression": null,
          "labelCode": "self",
          "contentDescCode": "chart_values",
          "hintCode": null
        }
      ],
      "actions": null
    }
  ]
}